{
    "DataFrame1": {
        "0": [
            13.117571428571429,
            13.120857142857142,
            12.964428571428572,
            13.098857142857142,
            13.075142857142856,
            13.193857142857143,
            13.353285714285716,
            13.61957142857143,
            13.877714285714285,
            13.866,
            13.966857142857142,
            14.120571428571427,
            14.39857142857143,
            14.605857142857145,
            14.703,
            15.090857142857143,
            15.299428571428573,
            15.469714285714286,
            15.576571428571429,
            15.781285714285714,
            15.935857142857145,
            16.142,
            16.49214285714286,
            16.511857142857142,
            16.51071428571429,
            16.65285714285714,
            16.972,
            16.93,
            16.97085714285714,
            16.97714285714286,
            17.00185714285714,
            16.86114285714286,
            16.791857142857143,
            16.792571428571428,
            16.60571428571429,
            16.432142857142857,
            16.485857142857142,
            16.376857142857144,
            16.168,
            15.747714285714286,
            15.582285714285716,
            15.213571428571429,
            14.928285714285716,
            14.539,
            14.413285714285715,
            14.385,
            13.985142857142856,
            13.883142857142857,
            13.726714285714285,
            13.332714285714285,
            13.373857142857142,
            13.523714285714288
        ],
        "2024": [
            13.176714285714285,
            12.976,
            13.077285714285713,
            13.208142857142857,
            13.44442857142857,
            13.611571428571429,
            13.534999999999998,
            13.497,
            13.589285714285714,
            13.862,
            14.259142857142857,
            NaN,
            NaN,
            NaN,
            NaN,
            NaN,
            NaN,
            NaN,
            NaN,
            NaN,
            NaN,
            NaN,
            NaN,
            NaN,
            NaN,
            NaN,
            NaN,
            NaN,
            NaN,
            NaN,
            NaN,
            NaN,
            NaN,
            NaN,
            NaN,
            NaN,
            NaN,
            NaN,
            NaN,
            NaN,
            NaN,
            NaN,
            NaN,
            NaN,
            NaN,
            NaN,
            NaN,
            NaN,
            NaN,
            NaN,
            NaN,
            NaN
        ],
        "Record": [
            1,
            -1,
            1,
            1,
            1,
            1,
            1,
            -1,
            -1,
            -1,
            1,
            0,
            0,
            0,
            0,
            0,
            0,
            0,
            0,
            0,
            0,
            0,
            0,
            0,
            0,
            0,
            0,
            0,
            0,
            0,
            0,
            0,
            0,
            0,
            0,
            0,
            0,
            0,
            0,
            0,
            0,
            0,
            0,
            0,
            0,
            0,
            0,
            0,
            0,
            0,
            0,
            0
        ]
    },
    "DataFrame2": {
        "index": [
            "28-03-2024"
        ],
        "price": [
            59.38
        ],
        "change": [
            -0.057460317460317434
        ]
    },
    "DataFrame3": {
        "0": [
            "2005",
            "2006",
            "2007",
            "2008",
            "2009",
            "2010",
            "2011",
            "2012",
            "2013",
            "2014",
            "2015",
            "2016",
            "2017",
            "2018",
            "2019",
            "2020",
            "2021",
            "2022",
            "2023",
            "2024"
        ],
        "CO2_m": [
            379.91,
            382.4,
            384.12,
            386.06,
            387.7,
            390.41,
            392.05,
            394.04,
            397.03,
            398.27,
            400.55,
            404.25,
            406.66,
            408.52,
            411.96,
            414.32,
            416.72,
            419.24,
            420.3,
            424.55
        ],
        "Methane_m": [
            1774.16,
            1774.96,
            1781.38,
            1787.01,
            1793.53,
            1798.93,
            1803.14,
            1808.12,
            1813.41,
            1822.57,
            1834.26,
            1843.12,
            1849.58,
            1857.33,
            1866.58,
            1878.93,
            1895.28,
            1911.82,
            NaN,
            NaN
        ],
        "Temperature_m": [
            0.62,
            0.62,
            0.63,
            0.64,
            0.64,
            0.65,
            0.66,
            0.7,
            0.74,
            0.79,
            0.83,
            0.87,
            0.91,
            0.93,
            0.93,
            0.95,
            0.97,
            0.99,
            1.01,
            NaN
        ]
    },
    "DataFrame4": {
        "0": [
            "2024"
        ],
        "CO2_c": [
            0.010111824886985588
        ]
    },
    "DataFrame5": {
        "0": [
            "2022"
        ],
        "Methane_c": [
            0.008726942720864495
        ]
    },
    "DataFrame6": {
        "0": [
            "2023"
        ],
        "Temperature_c": [
            0.02020202020202011
        ]
    }
}